Start,End,Open,High,Low,Close,Volume,Market Cap
2023-12-31,2024-01-01,0.6022690219289419,0.6093511324364321,0.5881695656792956,0.5937321673306457,575187558.1149826,20378778439.365852
2023-12-30,2023-12-31,0.6075261824555503,0.6124041587671089,0.5941838369016185,0.6018382949314727,836976767.3867596,20464421728.027874
2023-12-29,2023-12-30,0.6187012568682481,0.6248387212583032,0.5977405539660957,0.6082407257618357,1449057153.84669,20696073425.721256
2023-12-28,2023-12-29,0.6339768204051582,0.6751333360229733,0.6110262407990407,0.6170875591362782,2001057644.989547,21593119479.19164
2023-12-27,2023-12-28,0.607100740835757,0.6423097172047845,0.5871996660116918,0.633737920100303,1443986856.1916375,20774109873.341465
2023-12-26,2023-12-27,0.6274323955911378,0.6274323955911378,0.5784373200519308,0.609035233934189,1200747184.6794424,20578510763.55401
2023-12-25,2023-12-26,0.5957276053185093,0.6334789047358824,0.5904254231918378,0.6255815394662047,1099772989.2648084,20672117478.101044
2023-12-24,2023-12-25,0.6108329362141338,0.6267041690611949,0.5917756035580874,0.5935493831858362,1013438923.5296167,20773460285.916378
2023-12-23,2023-12-24,0.6219247968831986,0.6223751047608612,0.5991824632090273,0.6139306188556515,934037802.1498258,20500917303.167248
2023-12-22,2023-12-23,0.6380085737300036,0.6506935898804699,0.6077032924783299,0.6244495491815243,1713348823.28223,21067147783.222996
2023-12-21,2023-12-22,0.5875221072957686,0.6379059888525973,0.5834886025739283,0.6372700132462601,1264858652.6898954,20436287045.125435
2023-12-20,2023-12-21,0.5778185730616807,0.6085096153490634,0.5699940477170354,0.5899524272900364,1130137205.2508712,19951269440.125435
2023-12-19,2023-12-20,0.5989692192699216,0.6170585524930632,0.568192850409288,0.5771127326538703,1257134931.3344948,20087104350.494774
2023-12-18,2023-12-19,0.5830490174567268,0.6004184116990776,0.5473988121269044,0.6004184116990776,1121606358.543554,19382831787.655052
2023-12-17,2023-12-18,0.610347721314386,0.6143945892275721,0.5778480521854726,0.5800938347839419,940789489.8118467,20258132983.404182
2023-12-16,2023-12-17,0.6037513054582482,0.6248142659328029,0.5905110089051525,0.6067966138252391,1259483251.7247386,20699915250.519165
2023-12-15,2023-12-16,0.6410268235956998,0.653472916332683,0.6004474510227487,0.6004474510227487,1713742121.7212543,21299684828.759583
2023-12-14,2023-12-15,0.6693262637189513,0.6769583164133965,0.6243380947232379,0.6416034116983264,3424577631.756098,21886166644.83972
2023-12-13,2023-12-14,0.5763113331749238,0.6755415199381752,0.5479264727548623,0.6612809417070588,2494206498.269231,20106747187.465034
2023-12-12,2023-12-13,0.5538429323737728,0.6039739731275127,0.5524701682011605,0.5763067649018381,2279247558.1358886,19450529186.609756
2023-12-11,2023-12-12,0.5958972606895346,0.5977493076930034,0.5252086170413703,0.5490754800915769,2336733152.028169,18688091345.03521
2023-12-10,2023-12-11,0.582359463557384,0.6135916241837861,0.5712568560457192,0.5957564678350179,3210325251.0592337,20068811520.7108
2023-12-09,2023-12-10,0.5453502294203448,0.6440529937603765,0.5453502294203448,0.5787974221112854,4434150112.515679,20188074538.65157
2023-12-08,2023-12-09,0.4586885486419273,0.5657524922358075,0.453295829743485,0.5462204959253927,1768162312.6864111,17124611073.139372
2023-12-07,2023-12-08,0.44388241754995433,0.4591753960790556,0.4343251995126989,0.4561777158017345,1222353785.2508712,15113595642.648083
2023-12-06,2023-12-07,0.4259949917525168,0.4540610815479079,0.4186618331546598,0.4415247304255031,1160704609.1358886,14734595180.857143
2023-12-05,2023-12-06,0.40546605997981844,0.42567627328986557,0.3972895479601437,0.42567627328986557,766336061.8954704,13778475609.606272
2023-12-04,2023-12-05,0.39476400715582227,0.41445252733813714,0.39476400715582227,0.40677425915331444,744569780.9372822,13660836329.77352
2023-12-03,2023-12-04,0.3979862067008373,0.40298285583159515,0.38835746735050863,0.39488361506818204,506996260.12543553,13330483063.125435
2023-12-02,2023-12-03,0.3845679986540156,0.3979847776704627,0.3832074483955435,0.3979847776704627,384627250.80836236,13157892266.630663
2023-12-01,2023-12-02,0.37557898296237985,0.38536087883427317,0.3743262205551427,0.38409794349499254,414684760.75174826,12888885443.765734
2023-11-30,2023-12-01,0.381927210906661,0.38259372790238766,0.3723942603625973,0.37604034223254257,464765615.9826389,12740923237.378471
2023-11-29,2023-11-30,0.38567917697937704,0.3889360923937826,0.37818421217857595,0.3814263972544732,478754181.21875,13006188293.215279
2023-11-28,2023-11-29,0.378024248475977,0.3877037195939877,0.3705706207283203,0.38507910695902187,471528779.5034722,12829532106.881945
2023-11-27,2023-11-28,0.3870362721739168,0.39156550298463466,0.3717983007430098,0.37844127558901564,465662434.9303136,12888664021.867596
2023-11-26,2023-11-27,0.3942232863872221,0.3954919170843101,0.3813491536102649,0.3881570627911705,399380930.7157895,13181837737.519299
2023-11-25,2023-11-26,0.3856307632732082,0.3956378707063693,0.3856307632732082,0.39476128997415055,461663336.24041814,13249669060.188154
2023-11-24,2023-11-25,0.3908489468724874,0.39701592739888864,0.3843495503178206,0.38628186064296915,560037516.6620209,13188325771.379791
2023-11-23,2023-11-24,0.38088720779350993,0.3872345915978175,0.3781184705901275,0.3864904478924333,491483674.5470383,12924241779.557491
2023-11-22,2023-11-23,0.3590177817864479,0.3870933555796409,0.3590177817864479,0.38051473673707636,677906145.9930314,12568498023.1777
2023-11-21,2023-11-22,0.3800859535440153,0.3892035413529951,0.35813779189070316,0.35919321055041525,676557727.2404181,12777162974.651567
2023-11-20,2023-11-21,0.38373291893478967,0.399334181743251,0.37918145975141215,0.3803374794386455,607811542.1358885,13097057972.651567
2023-11-19,2023-11-20,0.3792981171851381,0.3850165562339825,0.37063130007650225,0.3844394212611752,595204138.7456446,12746579421.675959
2023-11-18,2023-11-19,0.3661555796968722,0.37806412334255457,0.3505551025867902,0.37784938123010625,671770987.3344948,12327595446.195122
2023-11-17,2023-11-18,0.37039533232794564,0.3782728188676426,0.35520223139264795,0.36566924249770955,1091957427.9407666,12477941606.038328
2023-11-16,2023-11-17,0.3784858206084692,0.40860706283021264,0.36093404538106805,0.3723736527394123,1026527260.6097561,12978449327.198606
2023-11-15,2023-11-16,0.35859255292884734,0.37927967043206523,0.3542003032601388,0.3789557538018283,722081254.6864111,12403062761.721254
2023-11-14,2023-11-15,0.35714818724597325,0.37177598737734563,0.344201885899961,0.35793931414122665,769021181.4703833,12177890075.114983
2023-11-13,2023-11-14,0.3821745509534792,0.3886330008902701,0.35660926413886596,0.3590150689830827,660302633.9721254,12583822596.30662
2023-11-12,2023-11-13,0.38465358944597866,0.3907064766119917,0.3726871741821984,0.38350276459438454,802143281.4494773,12963143613.770035
2023-11-11,2023-11-12,0.38545930916585924,0.39426272406352736,0.37135872022729977,0.3842026549416155,900216787.1045296,12954117606.933798
2023-11-10,2023-11-11,0.3691537892701801,0.3867718639633549,0.36497256608526973,0.3863235600731975,1144412245.0487804,12653778063.937283
2023-11-09,2023-11-10,0.35779816758648936,0.38573134743845316,0.35328564345202124,0.3685048046780584,789292482.5574913,12437848197.393728
2023-11-08,2023-11-09,0.35118841286835834,0.35981170301036497,0.3502252956338959,0.35847461190072716,707934408.6759582,12030390995.167248
2023-11-07,2023-11-08,0.36285427452697483,0.36511010768932023,0.33490219370774543,0.3517300125549549,857212916.3867596,11869481857.191637
2023-11-06,2023-11-07,0.34254205610360006,0.374716473024603,0.3396665913161281,0.3637819577647939,633435529.9930314,11939497541.139372
2023-11-05,2023-11-06,0.3293210390776293,0.3502441711623396,0.327027759302301,0.34272901292052854,440374214.7944251,11461482332.54007
2023-11-04,2023-11-05,0.3296235995694519,0.33043417804529124,0.3215363057154972,0.3280815950504015,493709623.9268293,11019907375.285715
2023-11-03,2023-11-04,0.3222706769972761,0.32918571223802184,0.3126704393507495,0.32918571223802184,954302038.1498258,10830575323.696863
2023-11-02,2023-11-03,0.30876919904612765,0.3285480667099283,0.3017151065690906,0.32315407581252553,736600927.2578397,10544568354.421602
2023-11-01,2023-11-02,0.2924721715585049,0.3087008577208417,0.2849237834476137,0.30773218526148816,539039540.5226481,9896576240.010452
2023-10-31,2023-11-01,0.3028808249651892,0.3047212074239876,0.2883734038085386,0.2932844253362654,465519970.4111498,10036073627.386759
2023-10-30,2023-10-31,0.295911384735249,0.30305116323723147,0.2927894476873598,0.3026815435709314,338045881.26480836,10081249785.090591
2023-10-29,2023-10-30,0.2909573647575751,0.2987408255276238,0.2892191014048364,0.29530249271580994,231170200.94076654,9959892522.393728
2023-10-28,2023-10-29,0.2897871738096811,0.2976065994613323,0.289107502894431,0.2912270811962294,322060858.9790941,9900747407.574913
2023-10-27,2023-10-28,0.2873688364580761,0.29177611794426833,0.28099025085686447,0.2894799507903597,441205107.31707317,9695419707.289198
2023-10-26,2023-10-27,0.2804270450679255,0.2967113350875576,0.2804270450679255,0.287404688982396,531749541.77894735,9745424778.182457
2023-10-25,2023-10-26,0.2794941907769144,0.28889004864472473,0.2763873411231982,0.27952168529701593,548309547.6550523,9509212008.205574
2023-10-24,2023-10-25,0.2803001365769237,0.2923487012244565,0.2739183115342677,0.27776326733240897,758173146.4808363,9514030417.954704
2023-10-23,2023-10-24,0.26507194230698605,0.27933405242674064,0.261790967435872,0.2784294320327898,394961852.554007,9003111239.358885
2023-10-22,2023-10-23,0.25849307815998096,0.26340632579433804,0.2559263580917169,0.26251002812866286,297727617.5993031,8758820445.195122
2023-10-21,2023-10-22,0.2518564333906882,0.2607156723324829,0.24973788219339924,0.2573239451880192,270962929.1533101,8626535420.878048
2023-10-20,2023-10-21,0.24752130416532497,0.25214874429861694,0.24579374998158646,0.25021092470481565,283448338.4912892,8431831445.076655
2023-10-19,2023-10-20,0.24296388303544228,0.2458855601663727,0.24016765301292028,0.2458855601663727,237490736.8466899,8209886169.222997
2023-10-18,2023-10-19,0.24643731918807774,0.24710815077346715,0.24156223304547617,0.2419854857666196,233000572.5052265,8289658411.630662
2023-10-17,2023-10-18,0.2514413058805653,0.2514580218084151,0.24516382511445142,0.2454249006595355,305846672.77003485,8405764849.940766
2023-10-16,2023-10-17,0.2476321751699817,0.25659507199541753,0.2476321751699817,0.25025402032364874,268874334.2369338,8470308835.463414
2023-10-15,2023-10-16,0.247449708055851,0.24821237413515754,0.2446252983002501,0.24572150065151374,146307893.78091872,8333887105.473498
2023-10-14,2023-10-15,0.24636637315892895,0.24696148644969107,0.24478574715142126,0.24563990643903286,178724005.9860627,8320166886.63763
2023-10-13,2023-10-14,0.2460567758335636,0.2483554187595112,0.2446839450749418,0.24473550733129157,202336390.38675958,8314243055.74216
2023-10-12,2023-10-13,0.24803971123281807,0.24812630893793744,0.24234002824035789,0.2446433798183676,217096945.7804878,8284856013.320558
2023-10-11,2023-10-12,0.24935711453462558,0.249577437553982,0.24465868958213388,0.24648171760598422,266546922.36585367,8340673728.770035
2023-10-10,2023-10-11,0.25145612518884053,0.25274651035014173,0.24653441220049724,0.24791069056601972,281204613.4006969,8445834620.8013935
2023-10-09,2023-10-10,0.2566736131563226,0.258457737898059,0.2481958584420235,0.2505885006603231,245002236.14634147,8561563666.052265
2023-10-08,2023-10-09,0.2583652071571209,0.2590556452645706,0.25512383927013055,0.2553604448230648,213542239.2195122,8680095037.13589
2023-10-07,2023-10-08,0.2648866428031626,0.26578503201574627,0.2560767984387958,0.25755450094025223,260274140.29268292,8791059730.898954
2023-10-06,2023-10-07,0.2609122904284235,0.26581000191636267,0.2609122904284235,0.2639920586182246,309999712.26829267,8907331093.334496
2023-10-05,2023-10-06,0.2588634666060571,0.2632491376547404,0.25642450600640415,0.2592853768100171,320530012.36585367,8774231675.219513
2023-10-04,2023-10-05,0.26092881599531803,0.26092881599531803,0.2541236246272341,0.2583157432645665,425855112.19860625,8671634664.672474
2023-10-03,2023-10-04,0.2593544425634824,0.26415447196442066,0.25726418839785975,0.26003253004158183,450604307.5783972,8835509168.421602
2023-10-02,2023-10-03,0.2660677758870643,0.2687268931781888,0.25745624692650904,0.25899571240835284,485911998.2891986,8930515627.69338
2023-10-01,2023-10-02,0.25422881910928546,0.2667773412627848,0.25422881910928546,0.26508663147228323,346617931.0139373,8742525813.48432
2023-09-30,2023-10-01,0.24943277347607118,0.2541117704595232,0.24934741242026967,0.25316451973125426,361271510.4808362,8503723652.891986
2023-09-29,2023-09-30,0.24897528312059686,0.2551396782290451,0.2468604018054361,0.24861109059618694,357910023.9094077,8476835352.5818815
2023-09-28,2023-09-29,0.24460066394540433,0.24966993449556,0.24332407055018984,0.24819694235360779,287853630.4111498,8329671620.714286
2023-09-27,2023-09-28,0.24562846172147007,0.24748903518206514,0.24236642121853752,0.24394065736331969,231390975.83275262,8274965012.236934
2023-09-26,2023-09-27,0.24576513811973935,0.2472835137740605,0.24317080208872593,0.24444408520387728,237104398.82229966,8291393901.783972
2023-09-25,2023-09-26,0.24321747980942282,0.24580846966602402,0.24264682552638367,0.2449710019524293,235901996.85365853,8270295610.63763
2023-09-24,2023-09-25,0.24655586525631537,0.24662546454789452,0.24207849413564456,0.24271897077396537,136193635.92334494,8297272800.958188
2023-09-23,2023-09-24,0.24544741163365544,0.24681329069752844,0.2440829717157473,0.24601516258781414,198681968.90592334,8307737562.9790945
2023-09-22,2023-09-23,0.2455312622978126,0.24646371634088596,0.24298905748244698,0.24481807389695479,269183933.4041812,8282391463.560976
2023-09-21,2023-09-22,0.2514482052840569,0.25308274656769886,0.2449197849331585,0.2449197849331585,334598835.7630662,8408533873.693379
2023-09-20,2023-09-21,0.25506134938675556,0.2559924070175606,0.250539931541724,0.2512187848702473,280653826.1672474,8567151348.205575
2023-09-19,2023-09-20,0.25245617013256355,0.25723053013181213,0.2511866698981845,0.25472707750384393,333435701.9756098,8616047460.81533
2023-09-18,2023-09-19,0.24716205914588385,0.25571476351637756,0.24484127536411127,0.2513945323417193,283762981.32867134,8492621619.555944
2023-09-17,2023-09-18,0.25010691642264155,0.2511216217091919,0.24519407072924074,0.24701769391627168,232565509.73867595,8410306641.808362
2023-09-16,2023-09-17,0.25039769624828595,0.25379195875256394,0.24847066895513337,0.25029780023439824,292930304.19860625,8474513837.630662
2023-09-15,2023-09-16,0.25147576318562,0.25456627545822635,0.24539581421787582,0.25039677659272336,273819202.4041812,8462886942.289199
2023-09-14,2023-09-15,0.24887667127577312,0.25197381803655816,0.2467725925550673,0.2510589887198368,284575904.8501742,8433212200.327526
2023-09-13,2023-09-14,0.2452264175173896,0.24961486380394746,0.2438879711973996,0.24857439222695873,277538854.6236934,8365308074.686411
2023-09-12,2023-09-13,0.242123341641218,0.2513513466461501,0.24108374033942043,0.24563243623411574,348719040.0522648,8337994084.414634
2023-09-11,2023-09-12,0.24918875652043973,0.24953090123189647,0.23737931598056886,0.2414755215436893,344586756.4111498,8251567165.675959
2023-09-10,2023-09-11,0.2531840615641669,0.2531840615641669,0.24486302550681954,0.24874348178069136,280200833.19163764,8422513032.254355
2023-09-09,2023-09-10,0.25445977476515474,0.2554866319279869,0.25294380215610696,0.2530374927067579,221637760.53658536,8598161867.961672
2023-09-08,2023-09-09,0.2580260697062352,0.259137653383483,0.25265675067089716,0.2539623509830308,295517856.0069686,8635338582.578398
2023-09-07,2023-09-08,0.2584364735511799,0.2586390396936315,0.2532433168349066,0.2574275725146286,290725366.5609756,8659102259.982578
2023-09-06,2023-09-07,0.25852277639906257,0.25951092854682195,0.25435954782667375,0.25788770202508454,278614401.3519164,8693716133.5331
2023-09-05,2023-09-06,0.25658584636047604,0.2585307489805957,0.25469146402159676,0.25779029043175544,268176973.63763067,8687456087.229965
2023-09-04,2023-09-05,0.256693990136173,0.2594102779177766,0.2542872291483306,0.2563519137823057,260154075.5261324,8681565430.28223
2023-09-03,2023-09-04,0.25650890301346496,0.25708430669598603,0.2539873221592054,0.2560191451793525,262760093.12195122,8641967253.867596
2023-09-02,2023-09-03,0.2554251123997255,0.2572258796676573,0.2543370309085036,0.25627254346765976,330169883.9686411,8654878824.414635
2023-09-01,2023-09-02,0.2558636583128978,0.2586588901411268,0.2528064949103565,0.2554928572594082,453618733.0487805,8666310011.930313
2023-08-31,2023-09-01,0.26552918854907254,0.2657612546794053,0.2529228445366362,0.25544814266966365,420355558.4181185,8832747988.111498
2023-08-30,2023-08-31,0.27172970138090136,0.2719020295363292,0.2609758109847029,0.26522342966302054,644640451.738676,8972992767.703833
2023-08-29,2023-08-30,0.26764564517276784,0.2779716612425817,0.2605807161869675,0.2718582857806779,482039642.7804878,9068375535.45993
2023-08-28,2023-08-29,0.26298402143830363,0.267417323480397,0.2590300530633756,0.26728937340699915,315219575.4041812,8891103960.358885
2023-08-27,2023-08-28,0.2610740446978797,0.2648212423107032,0.2605065773712354,0.26328479870284854,297964493.12891984,8880625626.641115
2023-08-26,2023-08-27,0.2607623427857926,0.26182493771477283,0.2586417060660222,0.2610792587549186,370993204.9860627,8801530199.10453
2023-08-25,2023-08-26,0.2654365533961577,0.2697882178714448,0.259517597897349,0.2611829317619045,497696364.25783974,8866509950.592335
2023-08-24,2023-08-25,0.2680172975618539,0.2705969489272076,0.2624637719185189,0.2656901298797843,406098099.3937282,9014448501.317074
2023-08-23,2023-08-24,0.25884469605325044,0.2690404829054972,0.258396119492107,0.2677091593715645,520003056.4738676,8870513240.581882
2023-08-22,2023-08-23,0.2630729850811327,0.26327598601580976,0.25270141380043837,0.2585284054120878,461652523.5679442,8756141593.254354
2023-08-21,2023-08-22,0.2711500784312727,0.27232064054513627,0.2612901026083708,0.26298707561477885,380593450.41463417,9023187529.038328
2023-08-20,2023-08-21,0.26920053869916705,0.2728431558895537,0.2653228574028071,0.2705806239961473,309659002.1881533,9085491046.857143
2023-08-19,2023-08-20,0.26366995031534174,0.2695277572206912,0.2607871430355148,0.26833965730381915,418751241.9442509,8969094490.5331
2023-08-18,2023-08-19,0.2567394138930951,0.26675367234611613,0.2558416522831191,0.26395466606634377,1029616370.1114982,8880951556.94425
2023-08-17,2023-08-18,0.2744820450653693,0.2779448828935847,0.23823948270329667,0.2556088407802962,581368532.076655,9212664554.522648
2023-08-16,2023-08-17,0.28215694747286707,0.28262284333207277,0.26715287277272887,0.27461701453047477,470532198.28222996,9363066518.121952
2023-08-15,2023-08-16,0.2903347577372002,0.29083544342631845,0.27693327048423716,0.2817921225488801,299100932.3937282,9730518806.613241
2023-08-14,2023-08-15,0.28940718062378745,0.29221009182116714,0.28789283550307904,0.2907501159127577,326280408.29268295,9818112096.526133
2023-08-13,2023-08-14,0.2918420936581531,0.29345815456047647,0.2881018597781725,0.28958967290565285,276757595.9372822,9846382365.986063
2023-08-12,2023-08-13,0.29301619016273206,0.2945428090203298,0.29087275129735446,0.29199889295344766,271614673.8606272,9915875282.041811
2023-08-11,2023-08-12,0.2961484561247689,0.2972583146474877,0.29236131435420026,0.29350165732546474,340371686.8989547,9984915822.139372
2023-08-10,2023-08-11,0.3011896161465662,0.30149123514609466,0.2959943224494531,0.29618917906744036,419288692.9094077,10088766840.390244
2023-08-09,2023-08-10,0.2981161749349875,0.3020641017398722,0.29651585542520825,0.30105334884995383,506481909.17770034,10103729348.174215
2023-08-08,2023-08-09,0.2910075898838276,0.30194937490310025,0.28989030719703657,0.2974044757350611,523261303.8292683,9957047728.839722
2023-08-07,2023-08-08,0.2936821614403669,0.2967515918444788,0.28445314527882276,0.2904242192506376,396019602.1707317,9868193810.40418
2023-08-06,2023-08-07,0.2944844825612919,0.29770106182966444,0.2929373369220874,0.2934358436399038,368205439.4634146,9990061225.665504
2023-08-05,2023-08-06,0.2933045785998027,0.29507255408276717,0.2904719022541089,0.29507255408276717,399343402.0944056,9883751692.583916
2023-08-04,2023-08-05,0.29224504065115897,0.29686574711665903,0.29066558331764303,0.29339253909223884,511374713.0278746,9937087101.703833
2023-08-03,2023-08-04,0.2987414659470218,0.30085807915383406,0.2906189678359537,0.2921930691781327,572497782.2648084,10015769342.163763
2023-08-02,2023-08-03,0.3110779905720469,0.3114247688149286,0.2984287602299355,0.29901463872580003,471765195.3937282,10315398436.759583
2023-08-01,2023-08-02,0.30692913282685286,0.30979937818422,0.29970993092081516,0.30979937818422,539557264.9059234,10312606055.45993
2023-07-31,2023-08-01,0.314796313449761,0.3177761141055083,0.3065485240133505,0.30742507749437814,463666088.9577465,10566819194.09859
2023-07-30,2023-07-31,0.31288981292090934,0.3178486944868781,0.3073414577513882,0.3154691161060751,365269191.12543553,10618314086.63763
2023-07-29,2023-07-30,0.3099211162042263,0.31406482398222135,0.30907041362586823,0.3125242023861148,348613436.815331,10526110781.188154
2023-07-28,2023-07-29,0.30825175808560507,0.3126742523874971,0.30677375410525687,0.309784953847969,371492486.85714287,10490659537.174215
2023-07-27,2023-07-28,0.3066684872027799,0.3130961853127515,0.30582118458435625,0.3074841151991617,474687748.9163763,10460795466.787457
2023-07-26,2023-07-27,0.3038647702148129,0.3103607439070908,0.3007417201571357,0.3064920283470942,489931494.83623695,10278025140.212543
2023-07-25,2023-07-26,0.3055668266422079,0.3074210648881816,0.3017924420134006,0.3040079990155484,508940372.3031359,10287660848.23345
2023-07-24,2023-07-25,0.31727336963584885,0.31880651416704764,0.3006429841915606,0.3053664970192048,474509355.7804878,10436800408.386759
2023-07-23,2023-07-24,0.31006021861023564,0.3184197903958002,0.30844152478074527,0.3169011229623604,432732349.0348432,10663346180.731707
2023-07-22,2023-07-23,0.31338086311911423,0.31486041243007645,0.30689897211610223,0.3086819690767108,440621193.3205575,10561548153.40418
2023-07-21,2023-07-22,0.3153981298509738,0.3181574449173325,0.3108030193019382,0.3128658589244654,609581749.1916376,10627566877.108013
2023-07-20,2023-07-21,0.3271772892830237,0.33136207591978545,0.3139367157294923,0.3156653253152907,1023486354.891986,10911879948.888502
2023-07-19,2023-07-20,0.30788681947316765,0.32534739784551836,0.30761713192991097,0.323950370989301,840984085.6097561,10724640916.613241
2023-07-18,2023-07-19,0.3115635075348059,0.3138132546409984,0.3021208476205834,0.30668614323021826,697946933.2229965,10370379854.236935
2023-07-17,2023-07-18,0.3131810391826939,0.3195898767859892,0.30675171411678,0.3123749363162954,684001811.0313588,10609394423.142857
2023-07-16,2023-07-17,0.32661227584845987,0.3277485991173763,0.31363693842203333,0.3144756745984787,644049013.3658537,10842534757.707317
2023-07-15,2023-07-16,0.3276296266705638,0.33689526886077065,0.3247559672903119,0.32587621867814054,1098100013.3554008,11173267718.696863
2023-07-14,2023-07-15,0.3666903091065396,0.37521365328604883,0.3182522791536547,0.32851875022595567,2472190090.087108,11707363806.874565
2023-07-13,2023-07-14,0.28852112481136044,0.35894123093172225,0.2861713391365261,0.35894123093172225,820677606.9372822,10300455010.972126
2023-07-12,2023-07-13,0.2928354418148352,0.2947301870206727,0.28595201069450904,0.28831051012145076,485678290.12891984,9854994134.574913
2023-07-11,2023-07-12,0.28780782624537943,0.29346678028981316,0.28780782624537943,0.29257053471996003,589055365.6515679,9831042104.369337
2023-07-10,2023-07-11,0.2835105856416218,0.29243409351213456,0.27982328428525993,0.2876697789507028,560864672.2648084,9660180298.891987
2023-07-09,2023-07-10,0.29073452736988536,0.2913702943262194,0.28316792470939584,0.2841726855993418,491033575.9268293,9700769394.972126
2023-07-08,2023-07-09,0.28420739845847315,0.2926119030517561,0.2823495487749746,0.29046352824974214,509558309.4076655,9691684355.689896
2023-07-07,2023-07-08,0.27946995826708165,0.2848970053168016,0.2790651731684088,0.2841072978922565,694301209.2926829,9556878697.818815
2023-07-06,2023-07-07,0.28513275680191985,0.29403587428180195,0.27832017983490254,0.28108999379815197,742272378.076655,9678177574.505226
2023-07-05,2023-07-06,0.2924211986168053,0.2957284067375035,0.28074990486426216,0.28578736104551083,588518151.9477352,9757321938.797909
2023-07-04,2023-07-05,0.29582422962692884,0.30052975504213714,0.2909635481211267,0.29229940239198104,609572082.2648084,9991061107.383276
2023-07-03,2023-07-04,0.29215517217438297,0.29907509413782396,0.2908076899323817,0.29586419179213963,550097984.7003484,9958249613.407665
2023-07-02,2023-07-03,0.29244075698661093,0.29320319283197743,0.2869091669137293,0.2920706421249111,525617863.34843206,9797783606.867596
2023-07-01,2023-07-02,0.2873303085872282,0.29241818319411517,0.28288090820831857,0.2922616064366271,908421419.6864111,9737267660.261324
2023-06-30,2023-07-01,0.2757965189915216,0.2985372633753968,0.27357823717702384,0.2867757299178079,893190382.6062717,9635703242.170732
2023-06-29,2023-06-30,0.26692677324940883,0.2776996653291791,0.26683862013407456,0.27544479156997076,659615436.5574913,9243486168.91986
2023-06-28,2023-06-29,0.28550198789497616,0.28550198789497616,0.26465707971585867,0.26692446454187096,661846687.3344948,9287742620.965157
2023-06-27,2023-06-28,0.2800870850113669,0.2891545139366467,0.27905252728745594,0.2868234670615257,573654297.0836236,9571527546.797909
2023-06-26,2023-06-27,0.29059582687667973,0.29172631361104223,0.27785588080145796,0.28039802493070837,563333461.5226481,9671373393.853659
2023-06-25,2023-06-26,0.2895617299031794,0.3044351172736679,0.28856652841072195,0.2920100481704166,626205804.8327526,10004097697.397213
2023-06-24,2023-06-25,0.29573210373565595,0.29701193570718687,0.28543405546786144,0.28963154230662835,641256534.9198606,9900675486.749128
2023-06-23,2023-06-24,0.290786266103656,0.30207284689276337,0.2877140644327818,0.2956878149415658,676018224.3414634,9958153210.623693
2023-06-22,2023-06-23,0.2864958903558973,0.3043877654109232,0.28641878666180765,0.2899493099072912,945060799.3031359,9973380246.114983
2023-06-21,2023-06-22,0.26897818138105545,0.2883467675087335,0.26889998400984116,0.2863024240855722,826380296.2926829,9487440675.84669
2023-06-20,2023-06-21,0.26238936307094884,0.2702008736597595,0.2533306936382692,0.2702008736597595,538764498.5331011,8839607480.56446
2023-06-19,2023-06-20,0.26074427068102174,0.26342461299388564,0.25780787112571135,0.26289696778909105,435960594.4843206,8817209522.954704
2023-06-18,2023-06-19,0.2670708994213919,0.26884206971382774,0.26016367619200576,0.26098270883481794,423514112.1707317,9006234548.414635
2023-06-17,2023-06-18,0.2625002617701919,0.2729958784954209,0.2609497650691422,0.26680414228488075,575644428.5470383,9025547284.094076
2023-06-16,2023-06-17,0.2612389990719631,0.26673832949514703,0.2557900054753547,0.2633026761704736,624359195.3135889,8843320892.397213
2023-06-15,2023-06-16,0.2624886140410562,0.2653237088151451,0.25295596869034914,0.2615210681706864,786953296.2787457,8773747936.731707
2023-06-14,2023-06-15,0.2750561361293445,0.2769853980973621,0.25791364003975814,0.26311411528201956,691921806.8466899,9207170015.979094
2023-06-13,2023-06-14,0.2750125961163364,0.2872133945226695,0.2694838554103277,0.2747490864250498,926606069.2334495,9367465171.477352
2023-06-12,2023-06-13,0.27149412812818613,0.28534586813241347,0.266183137891299,0.2748098018402959,1258189228.15331,9349653473.101046
2023-06-11,2023-06-12,0.27476874327069634,0.27875325713186955,0.25928480578276614,0.2722381104434366,1806785808.1567943,9062364421.052265
2023-06-10,2023-06-11,0.2947731484631432,0.2947731484631432,0.23439197330618844,0.2760017237225538,2259161378.5664334,8783650975.744755
2023-06-09,2023-06-10,0.32310327799227895,0.3242692232205389,0.2910654337807954,0.2954604933432594,701505931.8815331,10599439386.707317
2023-06-08,2023-06-09,0.32251059107354135,0.3305181585787225,0.3208489961930909,0.32337472285405106,776791683.4390244,11005324139.787457
2023-06-07,2023-06-08,0.3524230679037991,0.3533286654162505,0.31997846195883467,0.32277973241717917,702318033.1881533,11377195160.473867
2023-06-06,2023-06-07,0.3511749848406595,0.3560031478471779,0.3389184599607428,0.3545504380412418,632166586.1777004,11895660988.547039
2023-06-05,2023-06-06,0.37724370562795134,0.37937949589652376,0.34847546067790514,0.3518447780883156,424426042.12543553,12402506155.658537
2023-06-04,2023-06-05,0.376639672988445,0.382122136996896,0.3753660812086747,0.3776475756303515,290836165.630662,12862828521.763065
2023-06-03,2023-06-04,0.37753055510174766,0.378387977455759,0.37401485712157956,0.3760815014156968,338571266.0418118,12730690445.745646
2023-06-02,2023-06-03,0.3645881427519903,0.3793418220257499,0.3631392144750959,0.37819127936004854,478900729.445993,12653667337.571428
2023-06-01,2023-06-02,0.37466542282032445,0.3756297686229016,0.361448161347452,0.3649338283594847,455829199.74912894,12364403819.937283
2023-05-31,2023-06-01,0.37878297942342154,0.38047157359535055,0.37084254227337465,0.37475762871081647,394137818.8815331,12698931598.77352
2023-05-30,2023-05-31,0.37932648395335783,0.38352042153232085,0.37532549433530465,0.3778437471695592,393714382.0487805,12841011683.48432
2023-05-29,2023-05-30,0.38353245844082245,0.3862992879355134,0.37654431157844753,0.3792065825862977,475544437.22996515,12853007011.094076
2023-05-28,2023-05-29,0.3672484899985415,0.38408494336197385,0.3669686070567768,0.383176316704613,398459201.0069444,12704085489.979166
2023-05-27,2023-05-28,0.36300777551655333,0.36770498903746385,0.36208872657816993,0.3671250906878047,362879146.7326389,12330917317.583334
2023-05-26,2023-05-27,0.3583633274153754,0.36623005918715373,0.35477183482550806,0.36280569113642486,400541495.4895105,12157201260.604895
2023-05-25,2023-05-26,0.36407560322927485,0.36475535435558304,0.355777474731313,0.35842624152880065,430069762.32631576,12128043229.74386
2023-05-24,2023-05-25,0.37053175081634276,0.37063582999091976,0.36115868434955994,0.36428931476660653,395684574.5868056,12356001159.961805
2023-05-23,2023-05-24,0.3680830657360145,0.3753316441794307,0.3664647387609428,0.3704760112809419,424408710.6909722,12531269717.503471
2023-05-22,2023-05-23,0.3605117636844013,0.37253106239934225,0.3577158843744701,0.3678775010608546,433276199.3472222,12378097346.975695
2023-05-21,2023-05-22,0.36640290271408466,0.36747352752342466,0.3579683569240905,0.3604888080471499,288166173.2673611,12282207118.114584
2023-05-20,2023-05-21,0.36826169771682793,0.36826169771682793,0.3643648916348151,0.3663836128728854,329206885.6666667,12360589173.930555
2023-05-19,2023-05-20,0.3716370873281535,0.37291069501739216,0.36641916671912284,0.36804160923139356,459099830.3194444,12502404112.39236
2023-05-18,2023-05-19,0.3754215481433645,0.379976027552002,0.3672678738786287,0.3720479173121747,510209551.2708333,12692772157.989584
2023-05-17,2023-05-18,0.36835725604394365,0.37955139630206464,0.36514630116008373,0.3752198893458864,470264848.6770833,12540940265.784721
2023-05-16,2023-05-17,0.3672845689170531,0.37002896993859485,0.3626459288671046,0.3678212557716206,437373303.7777778,12396024133.305555
2023-05-15,2023-05-16,0.3712297567341985,0.37580317634625926,0.36742978925045,0.36742978925045,428486967.56842107,12553991566.817543
2023-05-14,2023-05-15,0.36502273080834263,0.3732538044722327,0.36395029368154624,0.37077400034407015,345289625.7048611,12462523270.92361
2023-05-13,2023-05-14,0.3705945015532391,0.3705945015532391,0.36329910523842995,0.36489715218175506,524686993.3055556,12375775622.89236
2023-05-12,2023-05-13,0.35999774307418675,0.3701828679351761,0.3557923678245244,0.37016365058160805,657369532.3645834,12254447351.041666
2023-05-11,2023-05-12,0.3699334767997838,0.3699334767997838,0.35015572076894286,0.36047093200956454,730190667.0833334,12191627008.447916
2023-05-10,2023-05-11,0.3643907053270271,0.3728715934014712,0.35558210788451333,0.37077754435474297,572160188.1388888,12372408726.996529
2023-05-09,2023-05-10,0.3676924198255671,0.3708146646532701,0.3615003240766016,0.36491641697927035,618501891.9059234,12380971552.836237
2023-05-08,2023-05-09,0.37859350571937356,0.38229522700959756,0.35876379695253124,0.3679291578903145,572479335.03125,12532562795.489584
2023-05-07,2023-05-08,0.38041669240948145,0.3844173482323498,0.377360377073188,0.377360377073188,379503606.6666667,12909444523.496529
2023-05-06,2023-05-07,0.39478958108069095,0.3969885945149882,0.3767702293722426,0.3809567981889166,469756378.6493056,13040523813.052084
2023-05-05,2023-05-06,0.3877828005899578,0.39678801676280573,0.38585156982891056,0.394679061327401,413989029.0833333,13248495200.069445
2023-05-04,2023-05-05,0.3941667809514539,0.39642360500329965,0.3856187874204072,0.38759613838899865,545624433.6979166,13223826695.284721
2023-05-03,2023-05-04,0.39217422835740684,0.39463177254775805,0.37925206927586086,0.393851831444699,458964682.2814815,13024079265.655556
2023-05-02,2023-05-03,0.38701228724012315,0.39490399009894983,0.38320369815654515,0.3918494670347783,447255609.3888889,13126190546.29514
2023-05-01,2023-05-02,0.39587776162161387,0.3979085028841,0.38104526175882475,0.3870967164203042,572789943.7152778,13151637674.913195
2023-04-30,2023-05-01,0.4029265194173644,0.4146904822324096,0.3964215792408292,0.39766602969870785,348234544.3854167,13590749401.746529
2023-04-29,2023-04-30,0.404765369897769,0.4077861849859397,0.40192718665087446,0.4026957429583,379277412.5277778,13675599899.57639
2023-04-28,2023-04-29,0.4100144845543152,0.410867076627176,0.39926886178105603,0.40493380634009557,649214853.1840278,13727468725.930555
2023-04-27,2023-04-28,0.40153605933234526,0.4179325566582631,0.40153605933234526,0.4098154974889468,1096001034.7142856,13845405127.912891
2023-04-26,2023-04-27,0.39474493821362217,0.41606676789506075,0.38200099937789944,0.401418185858067,690196990.9826388,13603713741.475695
2023-04-25,2023-04-26,0.3837839254900119,0.3953052758259112,0.37750700491725836,0.3953052758259112,551248152.7152778,12947991591.260416
2023-04-24,2023-04-25,0.3888523097877362,0.39652414851899564,0.3818943117285057,0.38390102491404315,554458853.0104166,13106020638.097221
2023-04-23,2023-04-24,0.39592703538946433,0.39592703538946433,0.3816681783777816,0.3891371145894626,479919038.6805556,13183915543.253471
2023-04-22,2023-04-23,0.38291136687042493,0.3988969509043647,0.3815037177320557,0.39638819775261386,695648445.2465278,13212404313.996529
2023-04-21,2023-04-22,0.40081667935329823,0.4065387465374478,0.3798364496013289,0.38295563550858913,836509333.6006944,13437413941.5
2023-04-20,2023-04-21,0.41655971364835376,0.4214439037293799,0.3967823787922654,0.40096466049674384,896008015.84375,13933849633.288195
2023-04-19,2023-04-20,0.4436472657132001,0.4436472657132001,0.41157923387703516,0.4155853615792919,812266888.5729166,14395255395.64236
2023-04-18,2023-04-19,0.43451492660960256,0.44787734226178605,0.4299585696771011,0.4438092933162561,701609086.6423612,14901334506.5625
2023-04-17,2023-04-18,0.4518619105376708,0.4518619105376708,0.4330861123365519,0.4343659910296962,801850570.3320524,14892834061.501844
2023-04-16,2023-04-17,0.45282550015525147,0.45782450200876934,0.4436895067288237,0.4520469183097927,926632454.2987418,15224185331.6098
2023-04-15,2023-04-16,0.43836423299306315,0.46056496028243976,0.4325630942951805,0.45368217742223077,1106673036.774486,15150109503.550505
2023-04-14,2023-04-15,0.4255929104081173,0.44347851948042727,0.42497395533290055,0.4385389813056921,1351144361.477352,14744832879.33112
2023-04-13,2023-04-14,0.40459307151372886,0.42871515757691575,0.4022725978674326,0.4256956363672622,854883562.2222222,13970113000.782047
2023-04-12,2023-04-13,0.4015856105622366,0.4067305234867145,0.38977611602910395,0.40471877054031846,763337114.4444444,13486547669.492363
2023-04-11,2023-04-12,0.3973169851793194,0.41160067615066903,0.39627911188150583,0.4012321255641819,746579030.3333334,13651252665.741434
2023-04-10,2023-04-11,0.38975153866778717,0.3973616821706927,0.3854985979094318,0.3967626603479965,403058797.6666667,13160151471.607939
2023-04-09,2023-04-10,0.385774852039617,0.3929045197641111,0.38527663071455304,0.3894941003410117,370464704.66898954,13140364971.113525
2023-04-08,2023-04-09,0.38348166117018917,0.3902684220274892,0.38109875977425867,0.38566419083599074,382241651.2222222,13088514605.110743
2023-04-07,2023-04-08,0.38320445683983234,0.3850300299878712,0.3765981025329893,0.38341593967237464,417846657.3333333,12900044068.718391
2023-04-06,2023-04-07,0.39241124695978974,0.39241124695978974,0.37729353534408094,0.3831085908920171,532954035.3333333,13023290224.227184
2023-04-05,2023-04-06,0.3895199669628224,0.39989603203282986,0.3878847592213678,0.39221034196116716,612945454.4444444,13337501524.519777
2023-04-04,2023-04-05,0.3872866825673559,0.39871133292099814,0.3855099695972658,0.3895280822516535,1025775060.6666666,13238640388.63081
2023-04-03,2023-04-04,0.3816728619727646,0.40358412819883016,0.3732072087581601,0.38670831762074903,850273048.3428571,13117639114.854816
2023-04-02,2023-04-03,0.3923082244743781,0.39278439166714396,0.37739061699331294,0.38152818325214416,582973398.1111112,12990884599.621452
2023-04-01,2023-04-02,0.3989713506856378,0.40163345550174906,0.389132072874258,0.39309992594863574,1073336579.1111112,13311982025.141136
2023-03-31,2023-04-01,0.37617396360206945,0.40770196639478423,0.3748100891619411,0.39866741791744664,928240461.5555556,13240595357.927084
2023-03-30,2023-03-31,0.3813765797142262,0.386414656814743,0.3705522564800271,0.37645676924843924,849482436,12767704572.797852
2023-03-29,2023-03-30,0.36799555886521645,0.3895874223584861,0.36724760558618347,0.38175001712838413,916741068,12903070084.881039
2023-03-28,2023-03-29,0.34574968761728964,0.3693350953642515,0.34355050857866687,0.3680277394130695,622995964,11958634441.815336
2023-03-27,2023-03-28,0.3559403068726866,0.3568817142260434,0.3394990323502492,0.3459078027547552,527782169.8888889,11783116810.736794
2023-03-26,2023-03-27,0.35173403865424296,0.3616848420600735,0.3494156398869556,0.3560309075026511,425528809.3597817,12138362640.009079
2023-03-25,2023-03-26,0.35985119338121574,0.3630793375009248,0.3496761702792324,0.35172935160011576,559570173.4444444,12110537956.598421
2023-03-24,2023-03-25,0.3722240828655409,0.37256821865281686,0.35655614310381206,0.35980325453418066,794467135.5555556,12299829562.120127
2023-03-23,2023-03-24,0.3600768819840025,0.38266645069819855,0.3544114412400735,0.3720166996091689,1353060387.1111112,12466924179.695992
2023-03-22,2023-03-23,0.37048303228543783,0.3866440317511177,0.3509840009053489,0.3604119074597893,1901790693.3333333,12554840932.552979
2023-03-21,2023-03-22,0.3325695256576768,0.3855127944666565,0.33112359858420287,0.37121964424797405,892350020,11759137005.811836
2023-03-20,2023-03-21,0.34569789158207226,0.3466490067764969,0.3318215467154316,0.3318215467154316,707487625.5555556,11504870015.028809
2023-03-19,2023-03-20,0.3376415751057312,0.3529124031037844,0.3376415751057312,0.34541342630653604,633473069.1111112,11653822170.800907
2023-03-18,2023-03-19,0.35003620166019617,0.3561023276673162,0.33683857767266356,0.33683857767266356,883283878.6666666,11803669930.310871
2023-03-17,2023-03-18,0.32508114098040547,0.35001057585496687,0.32216882691076365,0.35001057585496687,787560633.3333334,11358213501.418814
2023-03-16,2023-03-17,0.32507833680470466,0.32909326011264456,0.31902108936325707,0.3249878077754494,944392660.738676,10989081991.845404
2023-03-15,2023-03-16,0.34423502134268436,0.34749992964085524,0.3173592486661944,0.32417510842840297,1161276780.8888888,11349388505.210487
2023-03-14,2023-03-15,0.3442330487792371,0.3674807431518652,0.3392688115581483,0.3442619248587214,1019093939.8309859,11788833615.995533
2023-03-13,2023-03-14,0.3312065846794922,0.35179739938314886,0.32829683589483677,0.34393616927909637,1146200859.845614,11503584940.386871
2023-03-12,2023-03-13,0.3065084551095247,0.3310500491222722,0.30364667441232146,0.3310500491222722,625897256.7777778,10495683946.640017
2023-03-11,2023-03-12,0.31563953588090393,0.32350400852670763,0.3034408941479875,0.30670996429773717,895592668.6666666,10521775960.251743
2023-03-10,2023-03-11,0.3099092053857235,0.31770198358138296,0.29797875840723353,0.31518680199316723,1028702104.5296167,10436225547.994017
2023-03-09,2023-03-10,0.3174565916805941,0.32138514668242985,0.30317319620654776,0.3096072230429401,650201563.2055749,10661653762.324219
2023-03-08,2023-03-09,0.3303730356167471,0.3323751776408669,0.31527418149933667,0.3171536825217954,580395113.8807018,10965371388.561634
2023-03-07,2023-03-08,0.330423720355636,0.33445478968763004,0.3223428494444503,0.33041371350228743,467770265.6666667,11155599054.908293
2023-03-06,2023-03-07,0.3370671745793363,0.33871390761835585,0.3300135817939656,0.3307029788262507,389704766.6666667,11276120961.323818
2023-03-05,2023-03-06,0.33655615534278216,0.3426085787865503,0.33501431835257034,0.3371061461342376,374422214.1111111,11458606559.198883
2023-03-04,2023-03-05,0.3429666554256996,0.34419131877440406,0.3316213972313656,0.3361625921405118,436582667.1498258,11500533881.07744
2023-03-03,2023-03-04,0.3502389084429594,0.3505739344084764,0.32707391758229076,0.34235384942978003,759630020.5555556,11429952675.553787
2023-03-02,2023-03-03,0.3605868666009666,0.3609392024276665,0.3451924725234579,0.35000841974014024,448962943.8888889,11916352929.23585
2023-03-01,2023-03-02,0.3517379031437897,0.36379850319935847,0.35044833916026163,0.36066001556595056,491667926.5555556,12164412349.377134
2023-02-28,2023-03-01,0.364599886527413,0.3678304623004554,0.3495615365920188,0.3517405119127082,454925547.6666667,12222938493.511608
2023-02-27,2023-02-28,0.36901999770413024,0.3700348001802872,0.3583599808856703,0.36444893931318156,421289209.6666667,12310571024.859697
2023-02-26,2023-02-27,0.3623567975798008,0.3703377073683301,0.35820607075747896,0.3686632356977276,469629131.4444444,12283836124.263512
2023-02-25,2023-02-26,0.3657277850486371,0.3674792333647296,0.3531793741030143,0.3625266997043877,640157209.6445993,12274585207.455694
2023-02-24,2023-02-25,0.38269664459024766,0.3851091787766936,0.35953408729261693,0.3655663398114898,584077969.4444444,12721044228.526094
2023-02-23,2023-02-24,0.38781419373994724,0.39458426375684674,0.379985722833197,0.3832079980918169,653027638.8888888,13123021284.952244
2023-02-22,2023-02-23,0.39183702062990505,0.3927783689090545,0.3766902189262359,0.3875312921530728,1449976478.2222223,12985538073.25985
2023-02-21,2023-02-22,0.4038426311937504,0.4053449304429984,0.38695986076434297,0.3915564609677043,814697122.8888888,13422138134.132977
2023-02-20,2023-02-21,0.3998056754073579,0.40936314759228587,0.39193526108939775,0.4029514240732854,778985228.8888888,13673246357.216515
2023-02-19,2023-02-20,0.40601686138224485,0.4114712171081116,0.39850390550526565,0.3992686720807309,637397526.2222222,13671574267.336836
2023-02-18,2023-02-19,0.40364687612535777,0.41582983630118786,0.3981174668199355,0.4066675755826836,733976697.5555556,13644837142.168783
2023-02-17,2023-02-18,0.3876626392509583,0.4095505324984181,0.3876626392509583,0.4038256838788898,963290979.3333334,13469344176.62859
2023-02-16,2023-02-17,0.4179160714540722,0.4179160714540722,0.38688500110162133,0.38688500110162133,1142671430.6666667,13723816136.569244
2023-02-15,2023-02-16,0.3865691555513025,0.41777618569146724,0.382337,0.41777618569146724,1021081116.2553191,13249505903.03597
2023-02-14,2023-02-15,0.35950877522529084,0.3918140068117423,0.35524296565672075,0.3861323166178259,768909239.7777778,12452738784.34854
2023-02-13,2023-02-14,0.3644926498287443,0.3657705664596764,0.34724155562437714,0.3599891564397372,660923345.6666666,12063682381.338408
2023-02-12,2023-02-13,0.3688492709394267,0.3735980840577392,0.36115304002928444,0.36353546281709903,408228664.2222222,12462307941.980345
2023-02-11,2023-02-12,0.3586471112748385,0.36996995393598153,0.3579198478135137,0.3690323308080804,576266051.8888888,12228814829.048756
2023-02-10,2023-02-11,0.36232732150366165,0.3653853360024131,0.3558132060727879,0.359089458855516,894476627.7777778,12222522116.609734
2023-02-09,2023-02-10,0.3949298773095229,0.39627369885798375,0.3593779740120417,0.36205705921757353,773489247.7777778,12958337431.363647
2023-02-08,2023-02-09,0.399397133900629,0.40292394282558996,0.3863161508886539,0.39488804586625864,789778402,13430079707.023258
2023-02-07,2023-02-08,0.3824396543903515,0.3997874366876258,0.38239961364453917,0.39956987370602026,705942389.3333334,13155567303.030512
2023-02-06,2023-02-07,0.39304148768580854,0.40317697599346314,0.3805784263463584,0.3825818839828986,735506817.3333334,13271263613.505291
2023-02-05,2023-02-06,0.40006241933689934,0.40288945425279166,0.3845192751249139,0.3933338862129378,564685273.4444444,13369367432.335417
2023-02-04,2023-02-05,0.40426417735312214,0.4061804696581563,0.39876694975672583,0.40041234118082936,608768710,13616872110.198086
2023-02-03,2023-02-04,0.39747636664889713,0.40749636014438984,0.39656081985447333,0.40473922696904785,850622229.1111112,13598669048.400576
2023-02-02,2023-02-03,0.39599355212426346,0.41316693652262837,0.39536885771038643,0.39835677722000024,1182156758.6666667,13660618837.330154
2023-02-01,2023-02-02,0.3898939496344499,0.3992672001606675,0.3713912298105985,0.39623671841711694,915150288.4444444,12982802869.069708
2023-01-31,2023-02-01,0.37186303116986197,0.3940257894875963,0.3685830892378248,0.3906214110719586,806060087.1111112,12794436998.082363
2023-01-30,2023-01-31,0.395466541256814,0.3965547900488454,0.36797786229083185,0.3715942045090256,720012203.7777778,12923755511.105608
2023-01-29,2023-01-30,0.3812100135937383,0.397057485072713,0.37695022449938226,0.39540872402439814,582418165.6666666,13129550565.242905
2023-01-28,2023-01-29,0.3883163180158652,0.3963888665232931,0.3788995477802747,0.3810026137194654,804123759.3333334,13039784650.28164
2023-01-27,2023-01-28,0.37935587163906553,0.3892829271733459,0.37006193188850417,0.3881772705490554,722084896.6666666,12781823430.08995
2023-01-26,2023-01-27,0.3729511877289731,0.38480402342635694,0.3716193255892575,0.3790541079710921,912832657.3333334,12777265588.688133
2023-01-25,2023-01-26,0.35850240628667296,0.37775543687889196,0.3477187642506234,0.3725928517192101,781301410.2222222,12109928362.02293
2023-01-24,2023-01-25,0.3743413415833896,0.3815647991807937,0.3569432087972878,0.3583571649804649,669774525.3333334,12706486179.725147
2023-01-23,2023-01-24,0.37607932276797934,0.3821058172077917,0.3697056230069006,0.3748346099546682,1046946990.4444444,12708391251.7513
2023-01-22,2023-01-23,0.36825409005869564,0.38485353375335124,0.36357911910042207,0.37645218051695756,997075125.3333334,12708164529.610783
2023-01-21,2023-01-22,0.364109619982424,0.37857572897635944,0.3583112172964903,0.36843629538222167,998634148.6666666,12427303129.057228
2023-01-20,2023-01-21,0.3382757257440852,0.36295218628608883,0.334258302268662,0.36295218628608883,512580905.1111111,11581649496.729681
2023-01-19,2023-01-20,0.3271604500435769,0.34236380663677046,0.3271604500435769,0.3389091442611179,760279976.1111112,11290177948.015633
2023-01-18,2023-01-19,0.34510067313844,0.3538427454024601,0.3268555305155828,0.32687830891911007,666579726.4444444,11615281560.682375
2023-01-17,2023-01-18,0.3500835678554565,0.355479597201226,0.34509829276296367,0.3456805160993416,667304795.3333334,11857418898.11119
2023-01-16,2023-01-17,0.35041725205026214,0.3621751605223229,0.34248831533707436,0.34988034519185507,737764578.8888888,11904885846.347843
2023-01-15,2023-01-16,0.35230660795857044,0.3524252520265397,0.3394996843620938,0.3500433499815299,845204979.7777778,11735623789.32187
2023-01-14,2023-01-15,0.34554703690170535,0.3686301548323893,0.3437010380537507,0.3526750290737507,1338764015.1111112,11949000405.180183
2023-01-13,2023-01-14,0.32964359723492437,0.34882606919128883,0.32438003577562446,0.3453849385064019,868416336.8888888,11211709586.337957
2023-01-12,2023-01-13,0.32341838082391716,0.33346754718318417,0.31785185337936,0.33004946857470524,930145053.7777778,11021319692.730082
2023-01-11,2023-01-12,0.3225378816060403,0.3233697376052224,0.3089022094699412,0.3233111392629833,737282392.4444444,10666398025.187078
2023-01-10,2023-01-11,0.3170172476110092,0.32432098815130966,0.3090286886211998,0.32222764987753516,1200221044.8888888,10766165108.404438
2023-01-09,2023-01-10,0.2976601527447022,0.3370402374369035,0.29723976437722766,0.31735843522033214,1830998110,10887020230.960392
2023-01-08,2023-01-09,0.2767576086104961,0.2947690482708328,0.27485186986998866,0.2939314344218652,547022802.3333334,9615335743.861046
2023-01-07,2023-01-08,0.2784698662322495,0.2813233257858921,0.27248596135364106,0.27707955161159326,569318711.4444444,9330550957.16846
2023-01-06,2023-01-07,0.2691340715655821,0.2797640684087315,0.2676827939882092,0.27897062591841965,613749706.8888888,9218642676.149206
2023-01-05,2023-01-06,0.26773347177635154,0.27002784506346533,0.2636500759740461,0.26921010711230425,489281849.8888889,9024289830.0601
2023-01-04,2023-01-05,0.2528144201913027,0.269471922984903,0.2521456542219919,0.267586586558425,491278689.1111111,8932256757.391018
2023-01-03,2023-01-04,0.25364259550876445,0.25510610847342907,0.2503466122782001,0.25289389424386455,296342643.1111111,8552052282.193892
2023-01-02,2023-01-03,0.24990013316573065,0.25577410648236804,0.24749109017893978,0.2534561164639214,300189278.6111111,8548079396.456057
2023-01-01,2023-01-02,0.24574395747299038,0.2497408999078539,0.24405354293799825,0.2495559569373347,286589198.4444444,8333256972.064034